CD_STAT_SECTOR,MS_P50 (MEDIAN_PRICE),CD_YEAR
11001A00-,269000.0,2023
11001A01-,400000.0,2023
11001A01-,422000.0,2023
11001A052,388750.0,2023
11001A052,392000.0,2023
11002A00-,282500.0,2023
11002A01-,261500.0,2023
11002A05-,264250.0,2023
11002A10-,325000.0,2023
11002A11-,345000.0,2023
11002A12-,277500.0,2023
11002A13-,235000.0,2023
11002A14-,330000.0,2023
11002A15-,195000.0,2023
11002A21-,282000.0,2023
11002A22-,342000.0,2023
11002B701,218000.0,2023
11002B71-,237152.0,2023
11002B721,275000.0,2023
11002B813,282500.0,2023
11002C20-,371716.0,2023
11002C21-,149000.0,2023
11002C22-,180000.0,2023
11002C23-,167500.0,2023
11002C24-,238000.0,2023
11002C25-,292500.0,2023
11002C31-,390000.0,2023
11002C41-,204000.0,2023
11002C42-,262500.0,2023
11002C42-,262500.0,2023
11002D30-,260000.0,2023
11002D31-,218750.0,2023
11002D32-,240000.0,2023
11002D33-,300000.0,2023
11002D34-,500000.0,2023
11002D34-,500000.0,2023
11002D34-,275000.0,2023
11002D41-,315000.0,2023
11002D42-,313000.0,2023
11002E122,329000.0,2023
11002E14-,330000.0,2023
11002E15-,314500.0,2023
11002E50-,530000.0,2023
11002E50-,530000.0,2023
11002E50-,309500.0,2023
11002E521,400000.0,2023
11002E521,400000.0,2023
11002E521,294500.0,2023
11002E53-,219000.0,2023
11002E551,283750.0,2023
11002E5MJ,300000.0,2023
11002F21-,255000.0,2023
11002F61-,265000.0,2023
11002F61-,265000.0,2023
11002F65-,190500.0,2023
11002G51-,325250.0,2023
11002G53-,680000.0,2023
11002G53-,680000.0,2023
11002G53-,301500.0,2023
11002G54-,317000.0,2023
11002G72-,230750.0,2023
11002G73-,156250.0,2023
11002H43-,199000.0,2023
11002H83-,173755.0,2023
11002J072,186750.0,2023
11002J820,275000.0,2023
11002J83-,215500.0,2023
11002J85-,414000.0,2023
11002L000,345000.0,2023
11002L000,335000.0,2023
11002L011,345000.0,2023
11002L100,327500.0,2023
11002L100,330000.0,2023
11002L111,262500.0,2023
11002P00-,284500.0,2023
11002P00-,284500.0,2023
11002P01-,270000.0,2023
11002P01-,271250.0,2023
11002P03-,325000.0,2023
11002P03-,325000.0,2023
11002P04-,371000.0,2023
11002P04-,215000.0,2023
11002P100,384500.0,2023
11002P100,404500.0,2023
11002P111,450000.0,2023
11002P20-,315000.0,2023
11002P20-,315000.0,2023
11002P500,362500.0,2023
11002P500,362500.0,2023
11002P6CK,320000.0,2023
11002P6CK,320000.0,2023
11002Q001,260000.0,2023
11002Q001,260000.0,2023
11002Q001,169000.0,2023
11002Q03-,200000.0,2023
11002Q04-,300000.0,2023
11002Q04-,300000.0,2023
11002Q04-,210000.0,2023
11002Q10-,306000.0,2023
11002Q10-,310500.0,2023
11002Q10-,190000.0,2023
11002Q11-,340000.0,2023
11002Q11-,340000.0,2023
11002Q12-,304000.0,2023
11002Q12-,304000.0,2023
11002Q12-,199000.0,2023
11002Q13-,290000.0,2023
11002Q13-,290000.0,2023
11002Q13-,205000.0,2023
11002Q14-,299950.0,2023
11002Q14-,299950.0,2023
11002Q201,347500.0,2023
11002Q201,347500.0,2023
11002Q201,192000.0,2023
11002Q212,200000.0,2023
11002Q233,200000.0,2023
11002Q242,201000.0,2023
11002R01-,220000.0,2023
11002R03-,257750.0,2023
11002R03-,257750.0,2023
11002R03-,171250.0,2023
11002R05-,320000.0,2023
11002R05-,320000.0,2023
11002R101,281500.0,2023
11002R101,281500.0,2023
11002R101,169500.0,2023
11002R110,183500.0,2023
11002R12-,260000.0,2023
11002R12-,260000.0,2023
11002R13-,242185.0,2023
11002R13-,242185.0,2023
11002R13-,179407.0,2023
11002R180,177500.0,2023
11002R20-,197000.0,2023
11002R21-,199000.0,2023
11002R22-,188000.0,2023
11002R23-,225000.0,2023
11002R24-,222500.0,2023
11002R31-,226250.0,2023
11002R32-,198000.0,2023
11002R33-,199000.0,2023
11002R35-,196500.0,2023
11002R401,424100.0,2023
11002R401,424100.0,2023
11002R41-,352500.0,2023
11002R41-,352500.0,2023
11002R43-,242500.0,2023
11002R44-,330000.0,2023
11002R44-,330000.0,2023
11002R44-,244500.0,2023
11002S00-,227500.0,2023
11002S01-,210000.0,2023
11002S02-,275250.0,2023
11002S02-,275250.0,2023
11002S02-,231000.0,2023
11002S03-,239500.0,2023
11002S04-,187800.0,2023
11002S05-,192000.0,2023
11002S10-,202750.0,2023
11002S11-,199500.0,2023
11002S12-,219000.0,2023
11002S20-,209000.0,2023
11002S2MJ,180000.0,2023
11002S30-,330250.0,2023
11002S30-,330250.0,2023
11002S31-,224194.0,2023
11002S31-,224194.0,2023
11002S41-,246000.0,2023
11002S42-,210000.0,2023
11002T00-,317500.0,2023
11002T00-,317500.0,2023
11002T01-,325000.0,2023
11002T01-,325000.0,2023
11002T03-,483250.0,2023
11002T03-,483250.0,2023
11002T04-,302500.0,2023
11002T05-,400000.0,2023
11002T05-,400000.0,2023
11002T05-,408500.0,2023
11002T10-,547500.0,2023
11002T10-,547500.0,2023
11002T10-,351550.0,2023
11002T111,228495.0,2023
11002T12-,231250.0,2023
11002T13-,294000.0,2023
11002T14-,279600.0,2023
11002T20-,220000.0,2023
11002T23-,357500.0,2023
11002T23-,357500.0,2023
11002T412,273750.0,2023
11002T42-,267000.0,2023
11002U00-,319500.0,2023
11002U00-,319500.0,2023
11002U00-,225000.0,2023
11002U01-,345000.0,2023
11002U01-,345000.0,2023
11002U03-,375500.0,2023
11002U03-,375500.0,2023
11002U10-,237000.0,2023
11002U20-,335000.0,2023
11002U20-,340000.0,2023
11002U20-,208000.0,2023
11002U21-,310000.0,2023
11002U21-,310000.0,2023
11002U21-,205000.0,2023
11002U30-,239000.0,2023
11002U33-,259000.0,2023
11002U40-,422000.0,2023
11002U40-,422000.0,2023
11002V01-,310000.0,2023
11002V01-,310000.0,2023
11002V05-,305500.0,2023
11002V05-,305500.0,2023
11002V10-,306000.0,2023
11002V10-,306000.0,2023
11002V10-,204000.0,2023
11002V11-,168000.0,2023
11002V12-,189875.0,2023
11002V13-,256250.0,2023
11002V13-,256250.0,2023
11002V14-,285000.0,2023
11002V14-,285000.0,2023
11002V20-,306250.0,2023
11002V20-,306250.0,2023
11002V23-,337750.0,2023
11002V23-,340000.0,2023
11002V301,249000.0,2023
11002V301,249000.0,2023
11004A220,279500.0,2023
11005A00-,235000.0,2023
11005A01-,245000.0,2023
11005A01-,245000.0,2023
11005A03-,225000.0,2023
11005A04-,202500.0,2023
11005A04-,202500.0,2023
11005A211,310000.0,2023
11005A211,315000.0,2023
11005A30-,287000.0,2023
11005A30-,287000.0,2023
11007A03-,222500.0,2023
11007A04-,349500.0,2023
11007A04-,349500.0,2023
11007A04-,211000.0,2023
11008A00-,300000.0,2023
11008A01-,319500.0,2023
11008A020,362500.0,2023
11008A020,367500.0,2023
11008A020,267750.0,2023
11008A03-,394000.0,2023
11008A03-,490000.0,2023
11008A04-,410000.0,2023
11008A04-,470000.0,2023
11008A04-,287500.0,2023
11008A0BJ,282000.0,2023
11008A11-,415000.0,2023
11008A20-,387000.0,2023
11008A20-,396500.0,2023
11008A21-,435000.0,2023
11008A21-,472500.0,2023
11008A40-,422500.0,2023
11008A40-,472500.0,2023
11008A49-,535000.0,2023
11008A510,1285000.0,2023
11008A510,1262500.0,2023
11009A000,360000.0,2023
11009A20-,415000.0,2023
11009A20-,415000.0,2023
11009A222,555000.0,2023
11009A222,555000.0,2023
11009A5AA,360000.0,2023
11009A5AA,352500.0,2023
11009C01-,367500.0,2023
11009C01-,408000.0,2023
11009C020,447000.0,2023
11009C03-,309250.0,2023
11013A00-,307000.0,2023
11013A00-,307000.0,2023
11013A01-,220000.0,2023
11013A02-,260000.0,2023
11013A101,450000.0,2023
11013A101,476500.0,2023
11013A142,464700.0,2023
11013A142,470000.0,2023
11013A20-,390000.0,2023
11013A20-,390000.0,2023
11016A042,312500.0,2023
11016A501,352000.0,2023
11016A501,445000.0,2023
11018A021,278350.0,2023
11018A021,278350.0,2023
11018A101,230000.0,2023
11018A101,230000.0,2023
11021A00-,390000.0,2023
11021A00-,391000.0,2023
11021A062,618750.0,2023
11022A21-,702500.0,2023
11022A21-,695000.0,2023
11023A00-,305000.0,2023
11023A00-,307500.0,2023
11023A00-,290000.0,2023
11023A02-,405000.0,2023
11023A02-,181750.0,2023
11023A03-,292000.0,2023
11023A03-,292000.0,2023
11023A10-,340500.0,2023
11023A200,735000.0,2023
11023A200,705000.0,2023
11023B32-,572500.0,2023
11023B32-,572500.0,2023
11023B330,225000.0,2023
11023B40-,496500.0,2023
11024A00-,350750.0,2023
11024A00-,352500.0,2023
11024A00-,293500.0,2023
11024A01-,334000.0,2023
11024A04-,359000.0,2023
11024A220,395000.0,2023
11029A00-,390000.0,2023
11029A00-,390000.0,2023
11029A00-,250000.0,2023
11029A02-,400000.0,2023
11029A02-,400000.0,2023
11029A11-,439000.0,2023
11029A11-,434500.0,2023
11029A12-,400000.0,2023
11029A12-,400000.0,2023
11029A201,367500.0,2023
11029A201,375000.0,2023
11029A201,232500.0,2023
11029A211,522000.0,2023
11029A242,261000.0,2023
11030A00-,270000.0,2023
11030A00-,270000.0,2023
11030A00-,197500.0,2023
11030A01-,235000.0,2023
11030A01-,235000.0,2023
11030A02-,220000.0,2023
11030A02-,234500.0,2023
11030A03-,270000.0,2023
11030A03-,270000.0,2023
11030A10-,207500.0,2023
11030A10-,207500.0,2023
11035B00-,415000.0,2023
11037A02-,277500.0,2023
11037A02-,277500.0,2023
11037C100,336250.0,2023
11037C100,392000.0,2023
11038A000,297500.0,2023
11038A000,305000.0,2023
11038A010,273000.0,2023
11038A010,277500.0,2023
11039A00-,435000.0,2023
11039A010,415000.0,2023
11039A010,415000.0,2023
11039A04-,489000.0,2023
11039A21-,670000.0,2023
11039A21-,670000.0,2023
11039B02-,675000.0,2023
11039B02-,685000.0,2023
11040A00-,225000.0,2023
11040A01-,337500.0,2023
11040A01-,337500.0,2023
11040A03-,346698.0,2023
11040A03-,346698.0,2023
11040A03-,270000.0,2023
11040A040,352500.0,2023
11040A040,355000.0,2023
11040A050,341000.0,2023
11040A050,341000.0,2023
11040A060,360000.0,2023
11040A060,400000.0,2023
11040A10-,355000.0,2023
11040A10-,362500.0,2023
11040A11-,775000.0,2023
11040A11-,725000.0,2023
11040A201,326000.0,2023
11040A201,326000.0,2023
11040A201,230000.0,2023
11040A253,270000.0,2023
11040A253,270000.0,2023
11044A001,339000.0,2023
11044A001,348500.0,2023
11044A001,230000.0,2023
11044A032,349500.0,2023
11044A032,350000.0,2023
11044A042,380000.0,2023
11044B001,310000.0,2023
11044B001,310000.0,2023
11044B022,325000.0,2023
11044B022,335000.0,2023
11044B022,215000.0,2023
11050A000,307000.0,2023
11050A000,310000.0,2023
11050A000,296500.0,2023
11052A02-,395000.0,2023
11052A02-,395000.0,2023
11052A041,375000.0,2023
11052A100,365000.0,2023
11052A100,369000.0,2023
11055A10-,324000.0,2023
11055A224,467500.0,2023
11055B110,603000.0,2023
11055B110,483750.0,2023
11056A220,305000.0,2023
11056A220,305000.0,2023
11056B00-,292500.0,2023
11056B00-,292500.0,2023
11056B00-,260000.0,2023
11056B01-,270000.0,2023
11056B01-,270000.0,2023
11056B02-,287500.0,2023
11056B02-,287500.0,2023
11057A00-,229000.0,2023
12002A012,320000.0,2023
12002A012,315000.0,2023
12002A300,294000.0,2023
12005A000,338000.0,2023
12005A000,336500.0,2023
12005A02-,430000.0,2023
12005B01-,432500.0,2023
12007A001,244500.0,2023
12007A001,247251.0,2023
12007A001,288500.0,2023
12007A021,313500.0,2023
12009A000,285750.0,2023
12009A000,272875.0,2023
12009A200,295000.0,2023
12009A200,295000.0,2023
12009A200,269000.0,2023
12014A391,400000.0,2023
12014A391,400000.0,2023
12014F091,312500.0,2023
12014F091,305000.0,2023
12021A00-,197000.0,2023
12021A00-,197000.0,2023
12021A02-,249000.0,2023
12021A02-,249000.0,2023
12021A02-,235000.0,2023
12021A03-,241500.0,2023
12021A03-,241500.0,2023
12021A03-,255000.0,2023
12021A101,285000.0,2023
12021A101,285000.0,2023
12021A101,230000.0,2023
12021A200,327500.0,2023
12021A200,327500.0,2023
12021A200,320000.0,2023
12021A301,285000.0,2023
12021A301,285000.0,2023
12021A301,247500.0,2023
12021A40-,298000.0,2023
12021A40-,298000.0,2023
12025A02-,320000.0,2023
12025A06-,382000.0,2023
12025A06-,382000.0,2023
12025A06-,240000.0,2023
12025A10-,277500.0,2023
12025A11-,284000.0,2023
12025A12-,328500.0,2023
12025A12-,328500.0,2023
12025A20-,255000.0,2023
12025A20-,255000.0,2023
12025A21-,293250.0,2023
12025A21-,305000.0,2023
12025A22-,284000.0,2023
12025A22-,284000.0,2023
12025A301,295000.0,2023
12025A301,295000.0,2023
12025A332,299000.0,2023
12025A332,299000.0,2023
12025A401,335000.0,2023
12025A401,335000.0,2023
12025A401,332000.0,2023
12025A42-,355000.0,2023
12025A42-,355000.0,2023
12025A462,300000.0,2023
12025A462,300000.0,2023
12025A50-,305000.0,2023
12025A50-,312500.0,2023
12025A521,215500.0,2023
12025A521,215500.0,2023
12025A620,293000.0,2023
12025A620,293000.0,2023
12025A620,187000.0,2023
12025A662,315000.0,2023
12025A662,313750.0,2023
12025A690,471250.0,2023
12025A70-,260000.0,2023
12025A70-,260000.0,2023
12025A912,220000.0,2023
12025A921,312000.0,2023
12025A921,312000.0,2023
12025A921,325117.0,2023
12025A942,315000.0,2023
12025A942,315000.0,2023
12025F00-,315000.0,2023
12026A01-,300000.0,2023
12026A040,378000.0,2023
12026A040,385000.0,2023
12026A040,255000.0,2023
12026A111,337500.0,2023
12026A122,329000.0,2023
12026A122,335000.0,2023
12026C000,280000.0,2023
12026C000,300000.0,2023
12026C10-,285000.0,2023
12026C112,395000.0,2023
12029A00-,328750.0,2023
12029A00-,332500.0,2023
12029A00-,328000.0,2023
12035A110,394500.0,2023
12035A200,285000.0,2023
12035A200,290000.0,2023
12040A01-,275500.0,2023
12040A01-,275500.0,2023
12040A411,248000.0,2023
12040A411,250000.0,2023
12040A422,265000.0,2023
12040A422,269500.0,2023
12040A512,240500.0,2023
12040A512,242000.0,2023
12040A512,248500.0,2023
12040C000,311250.0,2023
12040C000,320000.0,2023
13001A01-,261500.0,2023
13001A230,285000.0,2023
13003A101,303500.0,2023
13003A101,303500.0,2023
13004A101,340000.0,2023
13004A101,340000.0,2023
13008A030,275000.0,2023
13008A030,295000.0,2023
13008A030,210000.0,2023
13008A811,251443.0,2023
13008A900,220000.0,2023
13011A02-,302500.0,2023
13011A02-,305000.0,2023
13011A03-,222000.0,2023
13011A040,240000.0,2023
13011A100,250000.0,2023
13011A100,277000.0,2023
13011A200,354500.0,2023
13012A000,289000.0,2023
13012A000,294500.0,2023
13016A000,365500.0,2023
13016A01-,352000.0,2023
13025A00-,250000.0,2023
13025A01-,299000.0,2023
13025A03-,230569.0,2023
13025A30-,246250.0,2023
13025A30-,260000.0,2023
13025A50-,278000.0,2023
13025A50-,287000.0,2023
13025A60-,249000.0,2023
13025A700,307500.0,2023
13029A000,324500.0,2023
13031A000,325500.0,2023
13031A033,310000.0,2023
13031A033,310000.0,2023
13031A122,646500.0,2023
13031A122,646500.0,2023
13035A00-,215000.0,2023
13035A020,284500.0,2023
13036A000,248750.0,2023
13040A000,264000.0,2023
13040A000,264000.0,2023
13040A000,243000.0,2023
13040A021,325000.0,2023
13040A021,325000.0,2023
13040A031,187500.0,2023
13040A042,192000.0,2023
13040A051,245000.0,2023
13040A051,245000.0,2023
13040A100,317650.0,2023
13040A100,325000.0,2023
13040A112,281500.0,2023
13040A50-,260000.0,2023
13040A50-,260000.0,2023
13040A601,210000.0,2023
13040A613,270000.0,2023
13040A613,270000.0,2023
13040A613,240000.0,2023
13040A622,176750.0,2023
13040A700,277500.0,2023
13040A700,280000.0,2023
13040A700,254250.0,2023
13040A714,240000.0,2023
13040A714,240000.0,2023
13040A721,297505.0,2023
13040A721,297505.0,2023
13044A000,339000.0,2023
13044A000,285000.0,2023
13046A01-,368750.0,2023
13046A11-,360250.0,2023
21001A011,240000.0,2023
21001A120,191000.0,2023
21001A32-,175000.0,2023
21001A41-,175000.0,2023
21001A43-,210000.0,2023
21001A503,181500.0,2023
21001A51-,196000.0,2023
21001A552,235000.0,2023
21001A81-,220000.0,2023
21001A84-,208000.0,2023
21001A941,217000.0,2023
21001B21-,217500.0,2023
21001B25-,189500.0,2023
21002A21-,290000.0,2023
21002A43-,338000.0,2023
21003A02-,230000.0,2023
21003A10-,223000.0,2023
21003A312,447500.0,2023
21003A312,450000.0,2023
21004A02-,270000.0,2023
21004A20-,254000.0,2023
21004A21-,225000.0,2023
21004A23-,364500.0,2023
21004A24-,255000.0,2023
21004A25-,306000.0,2023
21004A32-,270000.0,2023
21004A33-,231613.0,2023
21004A35-,207500.0,2023
21004A811,195000.0,2023
21004A822,246500.0,2023
21004B2MJ,380000.0,2023
21004B421,332000.0,2023
21004B43-,325000.0,2023
21004B44-,260000.0,2023
21004C54-,372500.0,2023
21004C552,440000.0,2023
21004C62-,485000.0,2023
21004C63-,361000.0,2023
21004D631,393500.0,2023
21004D672,145000.0,2023
21004E130,185500.0,2023
21004E14-,239500.0,2023
21004E201,232500.0,2023
21004E222,199000.0,2023
21004E72-,207500.0,2023
21004E73-,227500.0,2023
21004E74-,210000.0,2023
21004E81-,214800.0,2023
21004E83-,212500.0,2023
21004F522,225000.0,2023
21004F531,265000.0,2023
21004F91-,200000.0,2023
21004G30-,361250.0,2023
21004G30-,361250.0,2023
21005A00-,290000.0,2023
21005A01-,231500.0,2023
21005A02-,340001.0,2023
21005A042,267500.0,2023
21005A051,320000.0,2023
21005A10-,262500.0,2023
21005A11-,276000.0,2023
21005A12-,253000.0,2023
21005A14-,357000.0,2023
21005A20-,279000.0,2023
21005A311,395000.0,2023
21006A001,259000.0,2023
21006A011,162500.0,2023
21006A101,214000.0,2023
21006A22-,225000.0,2023
21006A23-,233500.0,2023
21006A403,267000.0,2023
21006A414,280000.0,2023
21007A071,295000.0,2023
21007A142,210000.0,2023
21007A21-,260000.0,2023
21007A239,301000.0,2023
21007A242,245250.0,2023
21007A50-,267000.0,2023
21007A52-,272000.0,2023
21007A53-,270000.0,2023
21007A60-,250000.0,2023
21007A61-,230000.0,2023
21007A70-,279500.0,2023
21007A72-,278000.0,2023
21007A73-,378500.0,2023
21008A10-,200000.0,2023
21008A20-,195000.0,2023
21008A21-,225000.0,2023
21008A240,208000.0,2023
21008A32-,240000.0,2023
21009A00-,280000.0,2023
21009A01-,266500.0,2023
21009A041,295000.0,2023
21009A111,332000.0,2023
21009A21-,280000.0,2023
21009A22-,300000.0,2023
21009A23-,430000.0,2023
21009A301,315000.0,2023
21009A33-,370000.0,2023
21009A40-,360000.0,2023
21009A41-,225000.0,2023
21009A42-,500000.0,2023
21009A44-,375000.0,2023
21009A451,353750.0,2023
21009A53-,340000.0,2023
21009A542,293000.0,2023
21009A612,298000.0,2023
21009A63-,435000.0,2023
21009A652,400000.0,2023
21009A73-,407500.0,2023
21009A82-,400000.0,2023
21010A00-,259500.0,2023
21010A01-,184000.0,2023
21010A02-,213500.0,2023
21010A03-,224500.0,2023
21010A04-,185250.0,2023
21010A05-,197500.0,2023
21010A10-,203500.0,2023
21010A111,190250.0,2023
21010A13-,152000.0,2023
21010A141,230000.0,2023
21010A1AJ,288000.0,2023
21010A21-,235000.0,2023
21011A01-,175000.0,2023
21011A10-,220000.0,2023
21011A11-,240000.0,2023
21011A12-,240500.0,2023
21011A20-,220000.0,2023
21012A141,200000.0,2023
21012A152,129500.0,2023
21012A20-,215000.0,2023
21012A23-,207000.0,2023
21012A24-,185000.0,2023
21012A26-,207500.0,2023
21012A30-,208500.0,2023
21012A50-,251500.0,2023
21012A511,165000.0,2023
21012A52-,205000.0,2023
21012A54-,190000.0,2023
21012A552,210000.0,2023
21012A60-,234000.0,2023
21012A62-,202000.0,2023
21012A822,232500.0,2023
21012A84-,202500.0,2023
21012A882,245000.0,2023
21013A02-,281000.0,2023
21013A052,285000.0,2023
21013A22-,265000.0,2023
21013A41-,322500.0,2023
21013A422,222525.0,2023
21014A00-,190000.0,2023
21014A03-,231250.0,2023
21014A05-,189000.0,2023
21015A00-,220000.0,2023
21015A12-,231500.0,2023
21015A152,200000.0,2023
21015A20-,260000.0,2023
21015A24-,255000.0,2023
21015A30-,280000.0,2023
21015A32-,205000.0,2023
21015A36-,296000.0,2023
21015A43-,254000.0,2023
21015A50-,275000.0,2023
21015A51-,270000.0,2023
21015A52-,315000.0,2023
21015A53-,246407.0,2023
21015A54-,301000.0,2023
21015A63-,250000.0,2023
21015A70-,210000.0,2023
21015A71-,263500.0,2023
21015A73-,330000.0,2023
21015A831,232500.0,2023
21016A00-,293500.0,2023
21016A01-,549000.0,2023
21016A01-,550000.0,2023
21016A01-,310000.0,2023
21016A02-,252000.0,2023
21016A03-,369000.0,2023
21016A05-,272500.0,2023
21016A111,615000.0,2023
21016A12-,432000.0,2023
21016A342,1623000.0,2023
21016A342,1525000.0,2023
21016A400,500000.0,2023
21016A400,500000.0,2023
21016A44-,300000.0,2023
21016A701,219000.0,2023
21016A80-,355000.0,2023
21016A81-,322500.0,2023
21016A82-,412500.0,2023
21016A831,1125000.0,2023
21016A831,307000.0,2023
21016A85-,360000.0,2023
21016A901,237500.0,2023
21016A933,320000.0,2023
21017A212,427000.0,2023
21017A523,310000.0,2023
21017A624,285000.0,2023
21018A00-,342000.0,2023
21018A031,369500.0,2023
21018A04-,335000.0,2023
21018A21-,298500.0,2023
21018A22-,405000.0,2023
21018A30-,295000.0,2023
21018A311,233000.0,2023
21018A33-,375000.0,2023
21018A3MJ,382500.0,2023
21018A41-,285000.0,2023
21018A42-,307000.0,2023
21018A62-,290000.0,2023
21018A72-,295000.0,2023
21019A10-,390000.0,2023
21019A131,420000.0,2023
21019A14-,283000.0,2023
21019A32-,270000.0,2023
21019A33-,270000.0,2023
21019A40-,640000.0,2023
21019A40-,640000.0,2023
21019A42-,450000.0,2023
21019A52-,422500.0,2023
23002A400,250000.0,2023
23002A400,270000.0,2023
23002E000,240000.0,2023
23002E01-,166000.0,2023
23003A012,465000.0,2023
23003B02-,615000.0,2023
23003B02-,600000.0,2023
23003C081,505000.0,2023
23003D00-,371500.0,2023
23003D00-,370000.0,2023
23003E00-,300000.0,2023
23003E00-,300000.0,2023
23016A001,384000.0,2023
23016A001,434500.0,2023
23016A001,274000.0,2023
23016A011,290000.0,2023
23016A20-,475500.0,2023
23016C03-,380500.0,2023
23016C03-,380500.0,2023
23016C210,435000.0,2023
23025A223,408500.0,2023
23025A425,412500.0,2023
23025A425,427500.0,2023
23025B112,390000.0,2023
23025B112,392500.0,2023
23025B112,230000.0,2023
23025B133,241000.0,2023
23027A00-,252500.0,2023
23027A042,371500.0,2023
23027A100,317500.0,2023
23027A100,337500.0,2023
23027A100,282000.0,2023
23027A152,315000.0,2023
23027B01-,352000.0,2023
23027B01-,353500.0,2023
23027C01-,276000.0,2023
23027C01-,282000.0,2023
23027C08-,327500.0,2023
23027C08-,327500.0,2023
23033A011,510000.0,2023
23044A001,335000.0,2023
23044A001,330000.0,2023
23044A01-,285000.0,2023
23044A01-,286500.0,2023
23044A10-,252000.0,2023
23044A10-,252000.0,2023
23045A010,400500.0,2023
23050A011,497500.0,2023
23052A00-,252500.0,2023
23052A011,274500.0,2023
23052A032,255000.0,2023
23060A010,325000.0,2023
23060A010,357000.0,2023
23062A421,695000.0,2023
23062A421,695000.0,2023
23077A09-,425000.0,2023
23077A20-,337000.0,2023
23077A20-,351000.0,2023
23077A30-,312500.0,2023
23077A30-,322125.0,2023
23077A30-,253250.0,2023
23077A31-,312500.0,2023
23077A31-,312500.0,2023
23077E00-,270000.0,2023
23077E00-,270000.0,2023
23086C000,320000.0,2023
23086C000,320000.0,2023
23086C10-,295000.0,2023
23086C10-,360000.0,2023
23088A01-,252500.0,2023
23088A200,341500.0,2023
23088A200,345000.0,2023
23088A211,357500.0,2023
23088A230,195250.0,2023
23088A301,364000.0,2023
23088A301,372000.0,2023
23088A40-,350000.0,2023
23088A40-,350000.0,2023
23088A422,375000.0,2023
23088A69-,344000.0,2023
23088A830,349500.0,2023
23088A830,350000.0,2023
23088A830,245000.0,2023
23088B000,323750.0,2023
23088B000,325000.0,2023
23094C041,530000.0,2023
23094C041,527500.0,2023
23094D222,211000.0,2023
23096B00-,327500.0,2023
23096D012,415000.0,2023
23097A102,380000.0,2023
23099A142,614000.0,2023
23099A211,756000.0,2023
23100A011,205000.0,2023
23101A02-,382500.0,2023
23101A02-,400000.0,2023
23101A030,410000.0,2023
23101A40-,781000.0,2023
23101A411,1087500.0,2023
23102A11-,265000.0,2023
23103A03-,618000.0,2023
23103A20-,747500.0,2023
23103A20-,635000.0,2023
23105C001,292500.0,2023
23105C001,300000.0,2023
23105C01-,297000.0,2023
23105C01-,350000.0,2023
24001A00-,242250.0,2023
24001A122,308000.0,2023
24001A212,262500.0,2023
24001A231,287500.0,2023
24001A231,295000.0,2023
24001C091,333000.0,2023
24009A010,399001.0,2023
24020A003,259500.0,2023
24020A003,259500.0,2023
24020A02-,263750.0,2023
24020A02-,280000.0,2023
24020E000,281500.0,2023
24038A00-,433750.0,2023
24038A00-,435000.0,2023
24038A00-,324000.0,2023
24038A011,460000.0,2023
24041A000,300000.0,2023
24041A000,310000.0,2023
24048A000,341000.0,2023
24048A012,495000.0,2023
24048A012,488063.0,2023
24048A034,822500.0,2023
24048A034,845000.0,2023
24055D312,654500.0,2023
24055D312,628750.0,2023
24062A07-,371000.0,2023
24062A11-,252500.0,2023
24062A13-,309368.0,2023
24062A15-,229000.0,2023
24062A23-,328000.0,2023
24062A32-,257500.0,2023
24062A42-,222643.0,2023
24062A44-,263000.0,2023
24062A51-,255000.0,2023
24062A52-,450000.0,2023
24062A52-,450000.0,2023
24062A52-,197000.0,2023
24062A53-,225341.0,2023
24062A54-,415000.0,2023
24062A54-,415000.0,2023
24062A54-,210000.0,2023
24062B100,370000.0,2023
24062B100,400000.0,2023
24062C00-,413500.0,2023
24062C00-,413500.0,2023
24062C41-,435000.0,2023
24062C41-,435000.0,2023
24062C41-,285000.0,2023
24062C43-,329800.0,2023
24062C50-,410000.0,2023
24062C50-,410000.0,2023
24062C51-,292000.0,2023
24062D00-,205000.0,2023
24062D02-,269250.0,2023
24062D03-,360000.0,2023
24062D03-,360000.0,2023
24062D03-,236000.0,2023
24062D22-,436500.0,2023
24062D22-,275000.0,2023
24062D644,178500.0,2023
24062F40-,395500.0,2023
24062F40-,415000.0,2023
24066A09-,395000.0,2023
24104A042,398500.0,2023
24104A042,398500.0,2023
24107A00-,220000.0,2023
24107A01-,209500.0,2023
24107A01-,209500.0,2023
24107A03-,282000.0,2023
24107A03-,282000.0,2023
24107A05-,200000.0,2023
24107A10-,219500.0,2023
24107A10-,219500.0,2023
24107A333,203000.0,2023
24107A333,216000.0,2023
24107A40-,249000.0,2023
24107A40-,249500.0,2023
24109A21-,380000.0,2023
24109A21-,377500.0,2023
24109B01-,375000.0,2023
24109B09-,377000.0,2023
24109B09-,375000.0,2023
24134A012,270000.0,2023
24134B00-,220000.0,2023
24134B00-,227500.0,2023
24134D001,285750.0,2023
24134E00-,273500.0,2023
24134E00-,280000.0,2023
25005E001,330000.0,2023
25014A01-,282500.0,2023
25014A020,375000.0,2023
25014A812,345000.0,2023
25014A812,345000.0,2023
25014C00-,342500.0,2023
25018C112,495000.0,2023
25018C112,500000.0,2023
25048A02-,210000.0,2023
25048A02-,210000.0,2023
25048A02-,210000.0,2023
25072A02-,199000.0,2023
25072A100,284374.0,2023
25072A213,162750.0,2023
25072A400,265000.0,2023
25072A410,232500.0,2023
25084A000,250000.0,2023
25091A031,500000.0,2023
25091A031,497500.0,2023
25091A20-,480000.0,2023
25091A20-,450000.0,2023
25105A202,225000.0,2023
25105C03-,266500.0,2023
25105C03-,270000.0,2023
25110A210,425000.0,2023
25110A233,550000.0,2023
25110A442,592500.0,2023
25110A631,900000.0,2023
25110A631,900000.0,2023
25112A332,215000.0,2023
25118A001,275000.0,2023
25121A6AJ,297500.0,2023
25121A703,90000.0,2023
25123A00-,210000.0,2023
25123A00-,235000.0,2023
31004A00-,186000.0,2023
31004A01-,181000.0,2023
31004A03-,245000.0,2023
31004A03-,245000.0,2023
31004A03-,264500.0,2023
31004A04-,245000.0,2023
31004A04-,245000.0,2023
31004A04-,165705.0,2023
31004A051,255000.0,2023
31004A11-,231000.0,2023
31004A12-,267500.0,2023
31004B00-,227500.0,2023
31004B00-,227500.0,2023
31004B03-,315000.0,2023
31004B03-,315000.0,2023
31005A11-,320000.0,2023
31005A11-,320000.0,2023
31005A201,341500.0,2023
31005A201,343000.0,2023
31005A301,270000.0,2023
31005A301,270000.0,2023
31005A312,329500.0,2023
31005A312,329500.0,2023
31005A401,320000.0,2023
31005A401,320000.0,2023
31005A412,240000.0,2023
31005A412,240000.0,2023
31005A501,280000.0,2023
31005A501,280000.0,2023
31005A512,325000.0,2023
31005A60-,250000.0,2023
31005A60-,259500.0,2023
31005A60-,210000.0,2023
31005A701,320000.0,2023
31005A701,323000.0,2023
31005A712,255000.0,2023
31005A712,255000.0,2023
31005A723,329000.0,2023
31005A723,329000.0,2023
31005B400,279000.0,2023
31005B400,279000.0,2023
31005B410,250875.0,2023
31005B70-,262500.0,2023
31005E001,305000.0,2023
31005E001,305000.0,2023
31005E042,347000.0,2023
31005E042,347000.0,2023
31005F022,333500.0,2023
31005F022,337000.0,2023
31005F301,300000.0,2023
31005F301,300000.0,2023
31005F301,226500.0,2023
31005F332,279500.0,2023
31005F332,289000.0,2023
31005F401,340000.0,2023
31005F401,338000.0,2023
31005G010,327000.0,2023
31005G010,338500.0,2023
31005G212,317000.0,2023
31005G212,326000.0,2023
31005H001,310000.0,2023
31005H001,310000.0,2023
31005H101,330000.0,2023
31005H101,335000.0,2023
31005H101,255000.0,2023
31005H201,375000.0,2023
31005H210,493000.0,2023
31022A000,290000.0,2023
31022A02-,315000.0,2023
31033A001,200000.0,2023
31033A111,290000.0,2023
31033A201,242500.0,2023
31033A201,295000.0,2023
31040C000,368000.0,2023
31043A00-,482500.0,2023
31043A021,690000.0,2023
31043A021,690000.0,2023
31043A10-,590000.0,2023
31043A11-,1040000.0,2023
31043A12-,600000.0,2023
31043A13-,745000.0,2023
31043A14-,1025000.0,2023
31043A15-,1240000.0,2023
31043A20-,2025000.0,2023
31043B03-,335000.0,2023
31043B10-,367500.0,2023
31043B21-,625000.0,2023
31043B23-,800000.0,2023
31043B31-,140000.0,2023
31043D01-,1302750.0,2023
31043D01-,1155000.0,2023
32003A042,229500.0,2023
32006A001,303000.0,2023
32006A022,182250.0,2023
33011A001,271250.0,2023
33011A001,271250.0,2023
33011A011,220000.0,2023
33011A011,220000.0,2023
33011A02-,175000.0,2023
33011A02-,175000.0,2023
33011A101,332500.0,2023
33011A301,285000.0,2023
33011A400,250000.0,2023
33011A421,195000.0,2023
33011G001,185000.0,2023
33011G001,215000.0,2023
33029A00-,165000.0,2023
33029A00-,165000.0,2023
33029A02-,233000.0,2023
33029A02-,233000.0,2023
33029A20-,150000.0,2023
33029A20-,155000.0,2023
33029B001,255000.0,2023
33029B001,275000.0,2023
33037C00-,309000.0,2023
33040A001,262500.0,2023
34003A00-,197000.0,2023
34009A022,277500.0,2023
34009A022,292500.0,2023
34013A001,169000.0,2023
34013A010,245000.0,2023
34013A010,257500.0,2023
34013A032,210000.0,2023
34013A032,210000.0,2023
34013A043,175000.0,2023
34013A101,230000.0,2023
34013A101,230000.0,2023
34013A201,247700.0,2023
34013A201,247700.0,2023
34013A212,200000.0,2023
34013A212,208500.0,2023
34013A30-,298000.0,2023
34013A501,272500.0,2023
34013A501,285000.0,2023
34022A00-,221500.0,2023
34022A021,160000.0,2023
34022A101,250000.0,2023
34022A101,250000.0,2023
34022A101,190250.0,2023
34022A111,280500.0,2023
34022A111,280500.0,2023
34022A201,308000.0,2023
34022A201,308000.0,2023
34022A30-,230000.0,2023
34022A30-,230000.0,2023
34022A32-,295000.0,2023
34022A341,203750.0,2023
34022A521,238000.0,2023
34022A521,238000.0,2023
34022A62-,407680.0,2023
34022B201,270000.0,2023
34022B201,252500.0,2023
34022B223,192000.0,2023
34022B223,192000.0,2023
34022C001,210000.0,2023
34022C001,211000.0,2023
34022D00-,235500.0,2023
34022D00-,235500.0,2023
34022D03-,290000.0,2023
34022D121,482500.0,2023
34022D121,457500.0,2023
34023A001,185000.0,2023
34023A001,185000.0,2023
34023A053,245000.0,2023
34023A053,249000.0,2023
34023A20-,285000.0,2023
34023A20-,285000.0,2023
34027A00-,121000.0,2023
34027A00-,121000.0,2023
34027A01-,125000.0,2023
34027A01-,125000.0,2023
34027A04-,150000.0,2023
34027A04-,150000.0,2023
34027A101,137000.0,2023
34027A101,139000.0,2023
34027B001,225000.0,2023
34027B10-,222500.0,2023
34027B10-,222500.0,2023
34027C101,165000.0,2023
34040A001,245000.0,2023
34040A02-,326108.0,2023
34040A02-,338000.0,2023
34040A40-,249000.0,2023
34040A40-,249000.0,2023
34040A40-,126000.0,2023
34040A422,371000.0,2023
34040B000,246500.0,2023
34040B000,248000.0,2023
34040B02-,313588.0,2023
34040C022,321500.0,2023
34040D001,280000.0,2023
34040D001,290000.0,2023
34041A040,210000.0,2023
34041A101,331500.0,2023
34041A222,226250.0,2023
34041A222,237500.0,2023
34041B02-,253000.0,2023
34041B02-,261000.0,2023
34041B0AN,250000.0,2023
34041C00-,195000.0,2023
34041C00-,195000.0,2023
34042A100,247500.0,2023
34042A100,250000.0,2023
34042D00-,235000.0,2023
34042E00-,247500.0,2023
35002A00-,320000.0,2023
35002A00-,320000.0,2023
35002A101,217500.0,2023
35002A101,217500.0,2023
35002A20-,232000.0,2023
35002A311,240000.0,2023
35002A311,138500.0,2023
35005A00-,277000.0,2023
35005A00-,277000.0,2023
35006B001,255000.0,2023
35011A00-,212500.0,2023
35011A00-,212500.0,2023
35011A00-,262500.0,2023
35011A031,215000.0,2023
35011A040,193500.0,2023
35011A052,190000.0,2023
35011A210,179000.0,2023
35011A260,95000.0,2023
35011H00-,249000.0,2023
35011H00-,241241.0,2023
35011H20-,165000.0,2023
35011H21-,100000.0,2023
35013A001,240000.0,2023
35013A01-,210000.0,2023
35013A02-,227500.0,2023
35013A03-,175000.0,2023
35013A041,240000.0,2023
35013A052,265000.0,2023
35013A10-,307500.0,2023
35013A201,252000.0,2023
35013A211,192500.0,2023
35013A222,295450.0,2023
35013A242,250000.0,2023
35013A44-,215000.0,2023
35013A501,270000.0,2023
35013A501,270000.0,2023
35013A501,207000.0,2023
35013A511,185000.0,2023
35013A511,185000.0,2023
35013A522,200000.0,2023
35013A522,200000.0,2023
35013A522,183500.0,2023
35013A532,232500.0,2023
35013A59-,191000.0,2023
35013A752,264000.0,2023
35013B301,265000.0,2023
35013B301,265000.0,2023
35013B301,150000.0,2023
35013B332,300000.0,2023
35013B332,180000.0,2023
35013D30-,248250.0,2023
35013D30-,248250.0,2023
35013E400,178063.0,2023
35013F200,285000.0,2023
35013F200,294000.0,2023
35013F600,269000.0,2023
35013F600,269000.0,2023
35013F700,172000.0,2023
35013F71-,183750.0,2023
35013F721,227000.0,2023
35013F749,187500.0,2023
35014A02-,327000.0,2023
35029A0JA,227500.0,2023
35029A10-,240000.0,2023
35029A11-,217500.0,2023
35029A12-,450000.0,2023
35029A20-,375000.0,2023
35029A20-,140000.0,2023
35029B10-,330000.0,2023
35029C00-,214500.0,2023
35029C01-,357500.0,2023
35029C02-,234000.0,2023
35029C091,250000.0,2023
36007A042,220000.0,2023
36007A042,220000.0,2023
36008A001,180250.0,2023
36008A021,175000.0,2023
36008A021,175000.0,2023
36008A052,206108.0,2023
36008A052,208054.0,2023
36008A101,234500.0,2023
36008A101,250000.0,2023
36008A200,175500.0,2023
36008A200,175500.0,2023
36008A50-,231500.0,2023
36008A50-,233000.0,2023
36008A51-,197500.0,2023
36008A51-,205000.0,2023
36008A612,228500.0,2023
36008A612,245000.0,2023
36008B000,261000.0,2023
36008B000,250000.0,2023
36010A000,210000.0,2023
36010A000,210000.0,2023
36010B00-,290000.0,2023
36011A04-,322500.0,2023
36012A022,222500.0,2023
36012B021,242000.0,2023
36015A001,237000.0,2023
36015A154,286000.0,2023
36015A20-,195000.0,2023
36015A20-,220000.0,2023
36015A301,230000.0,2023
36015A301,230000.0,2023
36015A401,222500.0,2023
36015A401,227000.0,2023
36015A510,246083.0,2023
36015A510,262500.0,2023
36015A610,239000.0,2023
36015A610,240000.0,2023
36015C001,249000.0,2023
36015C001,254500.0,2023
36019B00-,245000.0,2023
37007A021,218750.0,2023
37007A021,218750.0,2023
37010A001,265000.0,2023
37010A001,305000.0,2023
37011A001,275000.0,2023
37011A001,270000.0,2023
37017B001,285500.0,2023
37018A00-,301500.0,2023
37018B00-,290000.0,2023
37020A01-,221111.0,2023
37020A01-,222222.0,2023
38008A00-,223750.0,2023
38008A03-,162900.0,2023
38008A052,212500.0,2023
38008A10-,220000.0,2023
38008A12-,200000.0,2023
38008B001,255000.0,2023
38008B001,255000.0,2023
38008B08-,215000.0,2023
38014A00-,365000.0,2023
38014A01-,185000.0,2023
38014A10-,235000.0,2023
38014A11-,212000.0,2023
38014A12-,447500.0,2023
38014A12-,243750.0,2023
38014A20-,270000.0,2023
38014A21-,562500.0,2023
38014A21-,552500.0,2023
38014A21-,307000.0,2023
38014A22-,327500.0,2023
38014A23-,750000.0,2023
38014B10-,300000.0,2023
38014B11-,657000.0,2023
38014B11-,412944.0,2023
38016A10-,230000.0,2023
38016A11-,282000.0,2023
38016A12-,255000.0,2023
38016A42-,400000.0,2023
41002A121,292500.0,2023
41002A121,300000.0,2023
41002A20-,219000.0,2023
41002A20-,219000.0,2023
41002A221,291500.0,2023
41002A221,310000.0,2023
41002A51-,285000.0,2023
41002A51-,285000.0,2023
41002A542,286500.0,2023
41002A542,298000.0,2023
41002A61-,207000.0,2023
41002A62-,226000.0,2023
41002A62-,226000.0,2023
41002A64-,282500.0,2023
41002A71-,290000.0,2023
41002A71-,290000.0,2023
41002A71-,201500.0,2023
41002A802,239000.0,2023
41002A802,239000.0,2023
41002A833,288500.0,2023
41002A884,140000.0,2023
41002B001,271000.0,2023
41002B001,271000.0,2023
41002H01-,255000.0,2023
41002H01-,264500.0,2023
41002H120,317000.0,2023
41002H120,325000.0,2023
41011A01-,280000.0,2023
41011A01-,280000.0,2023
41011A10-,290000.0,2023
41011A10-,297500.0,2023
41011C01-,299000.0,2023
41011C01-,299000.0,2023
41018A00-,130000.0,2023
41018A00-,130000.0,2023
41018A00-,213500.0,2023
41018A05-,146250.0,2023
41018A05-,146250.0,2023
41018C000,228000.0,2023
41018C000,214000.0,2023
41018S00-,230000.0,2023
41027A00-,255000.0,2023
41027A00-,255000.0,2023
41027A020,264500.0,2023
41027A020,264500.0,2023
41027E00-,355000.0,2023
41034A410,244500.0,2023
41034A410,247000.0,2023
41048A01-,219000.0,2023
41048A01-,222000.0,2023
41048A04-,245000.0,2023
41048A30-,227000.0,2023
41048A412,215000.0,2023
41048H00-,285000.0,2023
41048H00-,292000.0,2023
41081A00-,256000.0,2023
41081A00-,256000.0,2023
41081A00-,196500.0,2023
41081H12-,250000.0,2023
41081H12-,250000.0,2023
41081K000,235000.0,2023
41081K000,237500.0,2023
41082A00-,251000.0,2023
41082A00-,257500.0,2023
42003A022,240000.0,2023
42003A022,240000.0,2023
42006A011,259421.0,2023
42006C001,227000.0,2023
42006C001,227000.0,2023
42006C02-,219000.0,2023
42006C02-,223000.0,2023
42006C042,290900.0,2023
42006C042,290900.0,2023
42006C100,290000.0,2023
42006C100,300000.0,2023
42006C20-,248500.0,2023
42006C20-,250000.0,2023
42006D032,225000.0,2023
42006E021,215000.0,2023
42006E021,225000.0,2023
42008A02-,222545.0,2023
42008A02-,226000.0,2023
42008A043,325121.0,2023
42008A043,325121.0,2023
42008A314,270000.0,2023
42008A314,270000.0,2023
42008A501,205000.0,2023
42008A501,205000.0,2023
42011A10-,271586.0,2023
42011A19-,275000.0,2023
42023A022,299000.0,2023
42023A022,295000.0,2023
42023A41-,750000.0,2023
42023A41-,675000.0,2023
42025A022,232500.0,2023
42025A022,232500.0,2023
42025A100,225000.0,2023
42025A100,225000.0,2023
42025A30-,330000.0,2023
42026A19-,280000.0,2023
42026B00-,330000.0,2023
42026B00-,332500.0,2023
42028A021,245000.0,2023
42028A021,245000.0,2023
43002A001,235000.0,2023
43005A01-,212500.0,2023
43005A01-,212500.0,2023
43005A022,247000.0,2023
43005A022,249050.0,2023
43005A03-,255000.0,2023
43005A03-,287000.0,2023
43005A041,242500.0,2023
43005A041,245000.0,2023
43005A050,244000.0,2023
43005A050,245500.0,2023
43005A303,302000.0,2023
43005A401,349000.0,2023
43010A001,259000.0,2023
43010A021,288000.0,2023
43010A021,290000.0,2023
43018A012,237500.0,2023
43018A012,237500.0,2023
43018A020,255000.0,2023
43018A020,267500.0,2023
43018A044,262500.0,2023
43018A044,270000.0,2023
44001A01-,416500.0,2023
44001A01-,250000.0,2023
44011A000,205000.0,2023
44011B000,381000.0,2023
44011C000,295000.0,2023
44011C01-,295000.0,2023
44011C01-,321000.0,2023
44011C02-,300000.0,2023
44012A011,415000.0,2023
44012A011,418000.0,2023
44013A212,375000.0,2023
44013B000,350000.0,2023
44013B000,349500.0,2023
44013B031,599000.0,2023
44013B031,556000.0,2023
44019A00-,330000.0,2023
44019A00-,331000.0,2023
44019A010,363000.0,2023
44019B001,296250.0,2023
44019B001,370000.0,2023
44019C020,325000.0,2023
44020F10-,362500.0,2023
44021A01-,338500.0,2023
44021A02-,470000.0,2023
44021A040,377500.0,2023
44021A040,377500.0,2023
44021A05-,612500.0,2023
44021A05-,612500.0,2023
44021A05-,249500.0,2023
44021A10-,400000.0,2023
44021A10-,400000.0,2023
44021A13-,426500.0,2023
44021A13-,426500.0,2023
44021A13-,350000.0,2023
44021A20-,308500.0,2023
44021A221,384500.0,2023
44021A221,384500.0,2023
44021A221,286000.0,2023
44021A23-,370000.0,2023
44021A24-,537500.0,2023
44021A24-,537500.0,2023
44021A24-,272000.0,2023
44021A31-,334500.0,2023
44021A321,620000.0,2023
44021A321,620000.0,2023
44021A321,405000.0,2023
44021A33-,370000.0,2023
44021A33-,370000.0,2023
44021A35-,590000.0,2023
44021A35-,590000.0,2023
44021A35-,306250.0,2023
44021A40-,330000.0,2023
44021A45-,230000.0,2023
44021A492,375000.0,2023
44021A50-,279500.0,2023
44021A50-,279500.0,2023
44021A521,351750.0,2023
44021A521,358625.0,2023
44021A521,251500.0,2023
44021A531,316000.0,2023
44021A531,316000.0,2023
44021A542,273000.0,2023
44021A542,273000.0,2023
44021A63-,301000.0,2023
44021A63-,301000.0,2023
44021A63-,297500.0,2023
44021A711,443000.0,2023
44021A711,443000.0,2023
44021A711,292500.0,2023
44021A722,310000.0,2023
44021A731,568750.0,2023
44021A731,568750.0,2023
44021A731,285000.0,2023
44021A742,325000.0,2023
44021A801,250500.0,2023
44021A801,250500.0,2023
44021B301,473000.0,2023
44021B301,473000.0,2023
44021B321,408000.0,2023
44021B321,413500.0,2023
44021B411,372000.0,2023
44021B411,372000.0,2023
44021B433,395000.0,2023
44021B433,395000.0,2023
44021C710,154000.0,2023
44021C800,247000.0,2023
44021C800,247000.0,2023
44021C811,250000.0,2023
44021D001,347000.0,2023
44021D001,370000.0,2023
44021D10-,401405.0,2023
44021D10-,410500.0,2023
44021D190,450000.0,2023
44021E00-,311000.0,2023
44021E00-,311000.0,2023
44021E00-,227000.0,2023
44021E01-,408000.0,2023
44021E01-,411500.0,2023
44021E021,342000.0,2023
44021E021,342000.0,2023
44021E031,410063.0,2023
44021E031,410125.0,2023
44021E031,292500.0,2023
44021E042,347848.0,2023
44021E042,347848.0,2023
44021E042,281875.0,2023
44021E32-,260000.0,2023
44021E32-,260000.0,2023
44021F001,365000.0,2023
44021F001,365000.0,2023
44021F01-,376500.0,2023
44021F01-,405500.0,2023
44021F110,383000.0,2023
44021F110,411000.0,2023
44021F121,340000.0,2023
44021F121,365000.0,2023
44021G00-,315000.0,2023
44021G00-,315000.0,2023
44021G00-,262000.0,2023
44021G01-,422000.0,2023
44021G01-,422000.0,2023
44021G031,361000.0,2023
44021G031,361000.0,2023
44021G101,365500.0,2023
44021G101,365500.0,2023
44021G112,278000.0,2023
44021G112,278000.0,2023
44021G200,324000.0,2023
44021H001,351686.0,2023
44021H001,372372.0,2023
44021J100,275000.0,2023
44021L00-,300000.0,2023
44021L00-,300500.0,2023
44021L011,402000.0,2023
44021L011,497000.0,2023
44021L011,466000.0,2023
44021L02-,393550.0,2023
44021L02-,262000.0,2023
44021L121,295000.0,2023
44021L121,295000.0,2023
44021L121,324500.0,2023
44021M00-,306250.0,2023
44021M00-,302500.0,2023
44021M01-,302000.0,2023
44021M01-,302000.0,2023
44021M020,370000.0,2023
44021M020,387505.0,2023
44021M040,481000.0,2023
44021M102,302500.0,2023
44021M102,302500.0,2023
44021M37-,305000.0,2023
44021M37-,305000.0,2023
44029A00-,252000.0,2023
44034A01-,510000.0,2023
44034A316,530000.0,2023
44036A00-,395000.0,2023
44036A01-,359000.0,2023
44036A022,407500.0,2023
44036A022,377500.0,2023
44040A001,373000.0,2023
44040A001,373000.0,2023
44040A022,355000.0,2023
44040A022,363500.0,2023
44040A101,376262.0,2023
44040A101,394862.0,2023
44043A000,370520.0,2023
44043A000,399000.0,2023
44043A000,255000.0,2023
44043A02-,386000.0,2023
44043A02-,358500.0,2023
44043A112,373193.0,2023
44043A112,397500.0,2023
44043A201,360000.0,2023
44043A201,356500.0,2023
44043A21-,342000.0,2023
44043A21-,342000.0,2023
44045A001,257500.0,2023
44048A00-,410000.0,2023
44064A02-,580000.0,2023
44072A001,260000.0,2023
44072A001,265000.0,2023
44073A000,315250.0,2023
44073A000,275000.0,2023
44080A001,400000.0,2023
44081A01-,260000.0,2023
44081A01-,297000.0,2023
44081C01-,327000.0,2023
45035A110,287500.0,2023
45041A00-,216750.0,2023
45041A02-,179000.0,2023
45041A02-,179000.0,2023
45041A03-,210000.0,2023
45041A03-,210000.0,2023
45041A051,135000.0,2023
45041A051,135000.0,2023
45041A12-,189000.0,2023
45041A12-,210000.0,2023
45041A60-,197500.0,2023
45041A60-,197500.0,2023
45057A01-,305000.0,2023
45060B001,241250.0,2023
45060B001,257500.0,2023
46003A112,265000.0,2023
46003A200,290000.0,2023
46003A200,290000.0,2023
46003A301,288500.0,2023
46003A301,305000.0,2023
46003A301,250000.0,2023
46003D000,234000.0,2023
46003D000,235000.0,2023
46003G021,326500.0,2023
46003G021,418500.0,2023
46003G11-,325000.0,2023
46003G11-,307500.0,2023
46013A001,256250.0,2023
46013A001,262500.0,2023
46013C012,247500.0,2023
46013C012,250000.0,2023
46014A042,252000.0,2023
46014A10-,240000.0,2023
46014A10-,307500.0,2023
46014A532,347500.0,2023
46014A60-,282500.0,2023
46014A60-,282500.0,2023
46014A734,305000.0,2023
46014A734,305000.0,2023
46020B012,278000.0,2023
46020B012,285000.0,2023
46021A001,155000.0,2023
46021A011,232500.0,2023
46021A011,232500.0,2023
46021A011,235000.0,2023
46021A021,210000.0,2023
46021A021,210000.0,2023
46021A052,194000.0,2023
46021A101,308975.0,2023
46021A101,308975.0,2023
46021A111,272500.0,2023
46021A111,271250.0,2023
46021A111,262500.0,2023
46021A142,260000.0,2023
46021A142,260000.0,2023
46021A152,247000.0,2023
46021A152,247000.0,2023
46021A232,150000.0,2023
46021A243,260000.0,2023
46021A243,283500.0,2023
46021A401,240000.0,2023
46021A401,240000.0,2023
46021A412,284000.0,2023
46021A412,284000.0,2023
46021A512,270000.0,2023
46021A512,270000.0,2023
46021A522,209000.0,2023
46021A522,219000.0,2023
46021A533,245000.0,2023
46021A533,245000.0,2023
46021C101,319500.0,2023
46021D00-,360000.0,2023
46024A262,252000.0,2023
46024A262,252000.0,2023
46025A001,212500.0,2023
46025A001,215000.0,2023
46025A012,195000.0,2023
46025A012,195000.0,2023
46025A022,242000.0,2023
46025A022,244000.0,2023
46025A101,240000.0,2023
46025A101,250000.0,2023
46025B011,237500.0,2023
46025B011,237500.0,2023
46025C091,248000.0,2023
46025C091,276500.0,2023
51004A101,178000.0,2023
51004A101,200000.0,2023
51004A101,207500.0,2023
51009C00-,150000.0,2023
51009C00-,150000.0,2023
51009C02-,200000.0,2023
51019A001,240000.0,2023
51019A001,255000.0,2023
52010A00-,166000.0,2023
52010A00-,166000.0,2023
52011A00-,85000.0,2023
52011A04-,93750.0,2023
52011A10-,134500.0,2023
52011A20-,105000.0,2023
52011A301,127000.0,2023
52011A301,127000.0,2023
52011C201,165000.0,2023
52011C201,165000.0,2023
52011D042,98000.0,2023
52011D12-,107500.0,2023
52011D12-,115000.0,2023
52011D1AS,105000.0,2023
52011D1AS,105000.0,2023
52011D30-,150500.0,2023
52011D30-,155000.0,2023
52011E001,112500.0,2023
52011E001,112500.0,2023
52011E021,108500.0,2023
52011E021,110000.0,2023
52011E412,140000.0,2023
52011E412,140000.0,2023
52011E50-,115000.0,2023
52011E50-,110000.0,2023
52011E51-,116500.0,2023
52011E51-,116500.0,2023
52011F112,157500.0,2023
52011F112,175000.0,2023
52011F2AX,170000.0,2023
52011F2AX,170000.0,2023
52011G111,72500.0,2023
52011G122,150000.0,2023
52011G122,150000.0,2023
52011G3AZ,183750.0,2023
52011J01-,110000.0,2023
52011J01-,110000.0,2023
52011J432,63750.0,2023
52011M10-,137500.0,2023
52011M10-,150000.0,2023
52011M111,150000.0,2023
52011N101,127000.0,2023
52011N101,125000.0,2023
52011N121,155000.0,2023
52011N151,125000.0,2023
52011N151,135000.0,2023
52011N30-,162500.0,2023
52011N30-,166000.0,2023
52011N501,140000.0,2023
52011N501,140000.0,2023
52011N60-,149000.0,2023
52011N60-,149000.0,2023
52011P111,142250.0,2023
52011P111,142000.0,2023
52011R20-,152500.0,2023
52012A301,160000.0,2023
52012A301,160000.0,2023
52012B22-,157500.0,2023
52012B22-,160000.0,2023
52012B430,150000.0,2023
52012B430,150000.0,2023
52012C001,112500.0,2023
52012C001,120000.0,2023
52015A11-,140000.0,2023
52015A11-,145000.0,2023
52015B02-,141000.0,2023
52022B00-,180000.0,2023
52043C01-,134000.0,2023
52043C01-,134000.0,2023
52043D00-,162500.0,2023
52043D00-,165000.0,2023
52055A02-,197500.0,2023
53014A022,145000.0,2023
53014A022,145000.0,2023
53014A101,110000.0,2023
53014A101,115000.0,2023
53014A200,95000.0,2023
53014A200,100000.0,2023
53020A05-,134000.0,2023
53028A001,117500.0,2023
53028A001,117500.0,2023
53028A012,118000.0,2023
53028A012,118000.0,2023
53028C001,137000.0,2023
53028C001,138500.0,2023
53028C102,159500.0,2023
53028C102,169000.0,2023
53039C00-,145000.0,2023
53053A00-,120000.0,2023
53053A04-,187900.0,2023
53053A111,215000.0,2023
53053A111,215000.0,2023
53053A743,137500.0,2023
53053C001,90500.0,2023
53053C001,85000.0,2023
53053C03-,122500.0,2023
53053C03-,122500.0,2023
53053H001,184000.0,2023
53053T001,95000.0,2023
53053T001,95000.0,2023
53053T010,105000.0,2023
53053T10-,123000.0,2023
53053T322,107500.0,2023
53053T322,107500.0,2023
53053U00-,138000.0,2023
53053U00-,144000.0,2023
53065A121,149000.0,2023
53065A232,112500.0,2023
53065A232,130000.0,2023
53065A401,105000.0,2023
53065A401,105000.0,2023
53082A00-,125000.0,2023
53082A00-,130000.0,2023
53082A101,86000.0,2023
53082A101,80500.0,2023
53082A122,164000.0,2023
53082A122,165000.0,2023
53082A201,109000.0,2023
53082A201,109000.0,2023
53082B301,115000.0,2023
53082B301,115000.0,2023
54007A01-,232914.0,2023
54007A01-,244713.0,2023
54007A021,155000.0,2023
54007A021,155000.0,2023
54007A201,120000.0,2023
54007A201,120000.0,2023
54007A222,140000.0,2023
54007A222,167500.0,2023
54007A301,119500.0,2023
54007A301,119500.0,2023
54007A312,143000.0,2023
54007A312,143000.0,2023
54007A334,137000.0,2023
54007A334,137000.0,2023
54007A401,157000.0,2023
54007A401,157000.0,2023
54007A601,150000.0,2023
54007A601,150000.0,2023
54007C00-,196000.0,2023
54007C10-,157500.0,2023
54007C10-,159000.0,2023
54007C20-,165000.0,2023
54007C20-,165000.0,2023
54007D000,208500.0,2023
54007D000,227000.0,2023
54007D021,164000.0,2023
54007D021,165000.0,2023
54010A201,150000.0,2023
54010A201,159000.0,2023
54010E10-,139500.0,2023
54010E10-,140000.0,2023
55004A001,202500.0,2023
55004A001,202500.0,2023
55004A10-,220000.0,2023
55004A10-,220000.0,2023
55010A03-,180000.0,2023
55010A03-,180000.0,2023
55022A42-,109000.0,2023
55022B01-,180000.0,2023
55022H210,132000.0,2023
55022H210,132000.0,2023
55022J10-,155000.0,2023
55022K211,132500.0,2023
55023A20-,122000.0,2023
55023A20-,115000.0,2023
55023A21-,130000.0,2023
55023A21-,130000.0,2023
55023B00-,132000.0,2023
55023B00-,135000.0,2023
55035A00-,142500.0,2023
55035A00-,155000.0,2023
55040A030,220000.0,2023
56001A10-,152500.0,2023
56022A011,130000.0,2023
56022A011,130000.0,2023
56029A1AJ,59000.0,2023
56029A1AJ,59000.0,2023
56078B112,330000.0,2023
56087A001,140000.0,2023
56087A001,140000.0,2023
56087A032,165000.0,2023
56087A032,165000.0,2023
56087B01-,160000.0,2023
56087B30-,130000.0,2023
56087B30-,136250.0,2023
57003A022,160000.0,2023
57003A022,160000.0,2023
57027A01-,186750.0,2023
57027A01-,186750.0,2023
57064A00-,125000.0,2023
57064A00-,127500.0,2023
57064K00-,120000.0,2023
57081A401,177500.0,2023
57081A601,265000.0,2023
57081A701,175000.0,2023
57081A701,181000.0,2023
57081A90-,170000.0,2023
57081J010,160000.0,2023
61003A101,242500.0,2023
61031A04-,193500.0,2023
61031A04-,195000.0,2023
61031A23-,200250.0,2023
61031A23-,205500.0,2023
61031A25-,177500.0,2023
61080A00-,160000.0,2023
61080A00-,160000.0,2023
62003A001,171000.0,2023
62003A001,171000.0,2023
62003A201,190000.0,2023
62003C001,210000.0,2023
62003C001,209290.0,2023
62003C10-,237000.0,2023
62015A101,170000.0,2023
62015A101,172500.0,2023
62022D00-,95000.0,2023
62051A13-,118000.0,2023
62051A319,165000.0,2023
62051A319,165000.0,2023
62051A519,165000.0,2023
62051A519,165000.0,2023
62051B001,175000.0,2023
62051B001,175000.0,2023
62063A03-,157500.0,2023
62063A04-,153000.0,2023
62063A05-,199500.0,2023
62063A101,129750.0,2023
62063A22-,160000.0,2023
62063A30-,175000.0,2023
62063A31-,255000.0,2023
62063A342,183593.0,2023
62063A401,302000.0,2023
62063A401,302000.0,2023
62063A50-,186250.0,2023
62063A50-,169000.0,2023
62063A540,160000.0,2023
62063A540,160000.0,2023
62063A640,252500.0,2023
62063A640,252500.0,2023
62063A70-,165000.0,2023
62063A71-,160000.0,2023
62063A71-,160000.0,2023
62063B10-,143500.0,2023
62063B11-,149000.0,2023
62063B12-,135000.0,2023
62063B13-,147500.0,2023
62063B20-,145000.0,2023
62063B221,166250.0,2023
62063B232,140000.0,2023
62063B31-,140000.0,2023
62063B40-,145000.0,2023
62063C01-,143750.0,2023
62063D001,130000.0,2023
62063D001,130000.0,2023
62063D01-,154500.0,2023
62063D01-,160000.0,2023
62063E00-,130000.0,2023
62063E00-,130000.0,2023
62063F00-,151500.0,2023
62063F01-,155000.0,2023
62063F01-,155000.0,2023
62063F20-,77000.0,2023
62063F21-,151500.0,2023
62063F21-,151500.0,2023
62063F322,169000.0,2023
62063F322,170500.0,2023
62063G120,95000.0,2023
62063G120,95000.0,2023
62063H00-,157500.0,2023
62063H00-,157500.0,2023
62063H301,163633.0,2023
62063H301,163633.0,2023
62093A001,167000.0,2023
62093A001,169000.0,2023
62093A11-,187000.0,2023
62093A11-,187000.0,2023
62093C20-,175500.0,2023
62093C20-,175500.0,2023
62096A000,105000.0,2023
62096A000,105000.0,2023
62096A100,137000.0,2023
62096A100,137000.0,2023
62096A11-,151000.0,2023
62096A11-,151000.0,2023
62096A121,150000.0,2023
62096A121,150000.0,2023
62096A301,158000.0,2023
62096A301,158000.0,2023
62096A453,166250.0,2023
62096A453,166250.0,2023
62096A511,140000.0,2023
62096A511,140000.0,2023
62096A542,215500.0,2023
62096A542,215500.0,2023
62096A552,184500.0,2023
62096A552,184500.0,2023
62096B011,146500.0,2023
62096B011,150000.0,2023
62096C031,149250.0,2023
62096C031,149250.0,2023
62096C110,190000.0,2023
62096C110,190000.0,2023
62118A001,175000.0,2023
62118A001,175000.0,2023
62118A10-,190000.0,2023
62118A10-,192500.0,2023
62118B001,175000.0,2023
63020B100,160000.0,2023
63020B100,160000.0,2023
63040A02-,182500.0,2023
63046A11-,188000.0,2023
63046A11-,175000.0,2023
63058A600,150000.0,2023
63058A600,150000.0,2023
63058C10-,162000.0,2023
63072A00-,160000.0,2023
63079A311,252000.0,2023
63079A311,252000.0,2023
63079B201,210000.0,2023
63079B201,210000.0,2023
63079C022,173000.0,2023
63084A030,245000.0,2023
64074A00-,150000.0,2023
64074A201,247500.0,2023
71004C001,285000.0,2023
71004C022,379500.0,2023
71004D100,287500.0,2023
71011A622,350000.0,2023
71011A622,300000.0,2023
71016A001,190000.0,2023
71016A02-,169000.0,2023
71016A03-,382500.0,2023
71016A03-,225000.0,2023
71016A04-,374000.0,2023
71016A4OB,293500.0,2023
71016A4OB,280000.0,2023
71016B11-,280000.0,2023
71016B1AB,260000.0,2023
71016B1AB,277000.0,2023
71020A001,286500.0,2023
71020A001,260000.0,2023
71022A001,295000.0,2023
71022A011,315000.0,2023
71022A032,220000.0,2023
71022A042,240500.0,2023
71022A052,290000.0,2023
71022A101,228500.0,2023
71022A112,247000.0,2023
71022A301,255000.0,2023
71022A301,255000.0,2023
71022A301,225000.0,2023
71022A312,285000.0,2023
71022A312,285000.0,2023
71022A401,290000.0,2023
71022A401,290000.0,2023
71022A401,271000.0,2023
71022A412,299000.0,2023
71022A501,281800.0,2023
71022A501,285000.0,2023
71022A501,279500.0,2023
71022A912,375000.0,2023
71022C001,311500.0,2023
71022D00-,272500.0,2023
71022D00-,287500.0,2023
71022D00-,234000.0,2023
71022D30-,270000.0,2023
71022F00-,265000.0,2023
71034A00-,160000.0,2023
71034A032,253000.0,2023
71053A001,220000.0,2023
71053A001,220000.0,2023
71053A001,231000.0,2023
71053A011,175000.0,2023
71053A052,242000.0,2023
71053A052,242000.0,2023
71053A052,189500.0,2023
71053A302,230000.0,2023
71053A302,230000.0,2023
71053A500,210000.0,2023
71053A500,212500.0,2023
71057A031,270250.0,2023
71057A031,193500.0,2023
71057A042,300000.0,2023
71057A101,255000.0,2023
71066A001,299000.0,2023
71070A001,264000.0,2023
71070A001,221500.0,2023
71070A201,185500.0,2023
71070A201,210000.0,2023
71070B001,261000.0,2023
71070B100,305000.0,2023
72003C00-,270000.0,2023
72020A001,230000.0,2023
72020A044,244510.0,2023
72020A100,288750.0,2023
72020A100,285000.0,2023
72020A826,320000.0,2023
72020A826,309500.0,2023
72020A837,307000.0,2023
72021B022,255000.0,2023
72021B022,251750.0,2023
72025A00-,250000.0,2023
72025A01-,345000.0,2023
72025A01-,320000.0,2023
72025A101,357500.0,2023
72025B00-,380000.0,2023
72025B00-,357900.0,2023
72029A000,254750.0,2023
72029A020,275000.0,2023
72037A01-,288000.0,2023
72037A032,332500.0,2023
72037A032,322500.0,2023
72037B001,387000.0,2023
72037B001,387000.0,2023
72038B00-,285000.0,2023
72038B00-,285000.0,2023
72039A000,265000.0,2023
72039A02-,360000.0,2023
72039A02-,346000.0,2023
72039B001,340000.0,2023
72039B001,340000.0,2023
72041E019,268750.0,2023
73042A001,249000.0,2023
73042A032,256876.0,2023
73042A311,310500.0,2023
73042D00-,275000.0,2023
73042D00-,299000.0,2023
73066C000,270000.0,2023
73066C000,277000.0,2023
73107A101,240000.0,2023
73107A330,230000.0,2023
73107D101,195000.0,2023
73107D201,219500.0,2023
73107D201,237000.0,2023
81001A01-,153000.0,2023
81001A02-,197500.0,2023
81004B00-,195000.0,2023
81004B00-,215000.0,2023
81004C00-,210000.0,2023
81004C00-,222500.0,2023
83012E263,214000.0,2023
83012E263,214000.0,2023
83013C391,177500.0,2023
83013C391,177500.0,2023
83044D362,99000.0,2023
83044D362,99000.0,2023
84068C090,102500.0,2023
84068C090,102500.0,2023
85046A000,247000.0,2023
91114B020,178000.0,2023
91142A464,34500.0,2023
91142A464,34500.0,2023
91142B062,85000.0,2023
91142D163,80000.0,2023
91142D163,83000.0,2023
92003A00-,160000.0,2023
92003A00-,160000.0,2023
92003A00-,163000.0,2023
92045B000,260000.0,2023
92094A001,175000.0,2023
92094A20-,245000.0,2023
92094A702,222000.0,2023
92094A712,193000.0,2023
92094B00-,190000.0,2023
92094B20-,190000.0,2023
92094H100,273500.0,2023
92094J00-,222000.0,2023
92094J11-,223000.0,2023
92094J11-,223000.0,2023
92094L10-,320000.0,2023
92094L10-,305000.0,2023
92137D010,180000.0,2023
92137D010,180000.0,2023
92137D101,190000.0,2023
92140A00-,235000.0,2023
92140H00-,175000.0,2023
